"区分","学年","組","番号","氏名","開始日"
"生徒","5","3","1","佐藤 陽翔","2026/4/1"
"職員","","","","鈴木 陽翔","2026/4/1"
"職員","","","","高橋 陽翔","2026/4/1"
"生徒","2","1","1","田中 陽翔","2026/4/1"
"生徒","1","2","1","伊藤 陽翔","2026/4/1"
"生徒","4","3","1","渡辺 陽翔","2026/4/1"
"生徒","6","1","1","山本 陽翔","2026/4/1"
"生徒","3","2","1","中村 陽翔","2026/4/1"
"生徒","6","1","2","小林 陽翔","2026/4/1"
"ALT","","","","Smith John","2026/4/1"
"生徒","5","1","1","吉田 陽翔","2026/4/1"
"生徒","1","2","2","山田 陽翔","2026/4/1"
"ゲスト","","","","佐々木 陽翔","2026/4/1"
"生徒","4","2","1","山口 陽翔","2026/4/1"
"生徒","3","3","1","松本 陽翔","2026/4/1"
"生徒","4","2","2","井上 陽翔","2026/4/1"
"生徒","2","2","1","木村 陽翔","2026/4/1"
"生徒","6","1","3","林 陽翔","2026/4/1"
"職員","","","","清水 陽翔","2026/4/1"
"試食会","","","","斎藤 陽翔","2026/4/1"
"生徒","6","3","1","佐藤 蓮","2026/4/1"
"生徒","2","2","2","鈴木 蓮","2026/4/1"
"職員","","","","高橋 蓮","2026/4/1"
"生徒","4","1","1","田中 蓮","2026/4/1"
"職員","","","","伊藤 蓮","2026/4/1"
"生徒","2","3","1","渡辺 蓮","2026/4/1"
"教育実習生","","","","山本 蓮","2026/4/1"
"教育実習生","","","","中村 蓮","2026/4/1"
"生徒","5","1","2","小林 蓮","2026/4/1"
"生徒","4","2","3","加藤 蓮","2026/4/1"
"生徒","3","3","2","吉田 蓮","2026/4/1"
"生徒","4","2","4","山田 蓮","2026/4/1"
"生徒","5","2","1","佐々木 蓮","2026/4/1"
"生徒","1","1","1","山口 蓮","2026/4/1"
"生徒","1","1","2","松本 蓮","2026/4/1"
"生徒","4","2","5","井上 蓮","2026/4/1"
"試食会","","","","木村 蓮","2026/4/1"
"生徒","3","1","1","林 蓮","2026/4/1"
"生徒","3","2","2","清水 蓮","2026/4/1"
"ゲスト","","","","斎藤 蓮","2026/4/1"
"生徒","2","2","3","佐藤 湊","2026/4/1"
"ゲスト","","","","鈴木 湊","2026/4/1"
"職員","","","","高橋 湊","2026/4/1"
"ゲスト","","","","田中 湊","2026/4/1"
"教育実習生","","","","伊藤 湊","2026/4/1"
"ALT","","","","Brown Emily","2026/4/1"
"生徒","1","1","3","山本 湊","2026/4/1"
"職員","","","","中村 湊","2026/4/1"
"試食会","","","","小林 湊","2026/4/1"
"試食会","","","","加藤 湊","2026/4/1"
"職員","","","","吉田 湊","2026/4/1"
"生徒","2","3","2","山田 湊","2026/4/1"
"生徒","5","1","3","佐々木 湊","2026/4/1"
"生徒","6","3","2","山口 湊","2026/4/1"
"生徒","4","1","2","松本 湊","2026/4/1"
"生徒","3","3","3","井上 湊","2026/4/1"
"生徒","4","3","2","木村 湊","2026/4/1"
"生徒","3","1","2","林 湊","2026/4/1"
"職員","","","","清水 湊","2026/4/1"
"生徒","1","1","4","斎藤 湊","2026/4/1"
"生徒","1","2","3","佐藤 結菜","2026/4/1"
"生徒","4","2","6","鈴木 結菜","2026/4/1"
"教育実習生","","","","高橋 結菜","2026/4/1"
"生徒","3","2","3","田中 結菜","2026/4/1"
"生徒","1","3","1","伊藤 結菜","2026/4/1"
"試食会","","","","渡辺 結菜","2026/4/1"
"生徒","2","3","3","山本 結菜","2026/4/1"
"ALT","","","","Wilson James","2026/4/1"
"生徒","3","3","4","小林 結菜","2026/4/1"
"生徒","3","3","5","加藤 結菜","2026/4/1"
"ゲスト","","","","吉田 結菜","2026/4/1"
"ゲスト","","","","山田 結菜","2026/4/1"
"生徒","6","3","3","佐々木 結菜","2026/4/1"
"職員","","","","山口 結菜","2026/4/1"
"教育実習生","","","","松本 結菜","2026/4/1"
"生徒","3","3","6","井上 結菜","2026/4/1"
"職員","","","","木村 結菜","2026/4/1"
"教育実習生","","","","林 結菜","2026/4/1"
"ALT","","","","Taylor Emma","2026/4/1"
"生徒","4","2","7","斎藤 結菜","2026/4/1"
"生徒","4","1","3","佐藤 葵","2026/4/1"
"職員","","","","鈴木 葵","2026/4/1"
"生徒","5","3","2","高橋 葵","2026/4/1"
"教育実習生","","","","田中 葵","2026/4/1"
"生徒","4","2","8","伊藤 葵","2026/4/1"
"生徒","4","3","3","渡辺 葵","2026/4/1"
"職員","","","","山本 葵","2026/4/1"
"ALT","","","","Davis Michael","2026/4/1"
"生徒","1","3","2","小林 葵","2026/4/1"
"試食会","","","","加藤 葵","2026/4/1"
"教育実習生","","","","吉田 葵","2026/4/1"
"生徒","1","3","3","山田 葵","2026/4/1"
"生徒","5","1","4","佐々木 葵","2026/4/1"
"生徒","1","2","4","山口 葵","2026/4/1"
"生徒","6","2","1","松本 葵","2026/4/1"
"職員","","","","井上 葵","2026/4/1"
"生徒","2","3","4","木村 葵","2026/4/1"
"職員","","","","林 葵","2026/4/1"
"生徒","4","1","4","清水 葵","2026/4/1"
"生徒","2","3","5","斎藤 葵","2026/4/1"
