"区分","学年","組","番号","氏名"
"生徒","5","3","1","佐藤 陽翔"
"職員","","","","鈴木 陽翔"
"職員","","","","高橋 陽翔"
"生徒","2","1","1","田中 陽翔"
"生徒","1","2","1","伊藤 陽翔"
"生徒","4","3","1","渡辺 陽翔"
"生徒","6","1","1","山本 陽翔"
"生徒","3","2","1","中村 陽翔"
"生徒","6","1","2","小林 陽翔"
"ALT","5","1","1","Smith John"
"生徒","1","2","2","吉田 陽翔"
"生徒","4","2","1","山田 陽翔"
"ゲスト","3","3","1","佐々木 陽翔"
"生徒","4","2","2","山口 陽翔"
"生徒","2","2","1","松本 陽翔"
"生徒","6","1","3","井上 陽翔"
"生徒","6","3","1","木村 陽翔"
"生徒","2","2","2","林 陽翔"
"職員","","","","清水 陽翔"
"試食会","4","1","1","斎藤 陽翔"
"生徒","2","3","1","佐藤 蓮"
"生徒","5","1","2","鈴木 蓮"
"職員","","","","高橋 蓮"
"生徒","4","2","3","田中 蓮"
"職員","","","","伊藤 蓮"
"生徒","3","3","2","渡辺 蓮"
"教育実習生","4","2","4","山本 蓮"
"教育実習生","5","2","1","中村 蓮"
"生徒","1","1","1","小林 蓮"
"生徒","1","1","2","加藤 蓮"
"生徒","4","2","5","吉田 蓮"
"生徒","3","1","1","山田 蓮"
"生徒","3","2","2","佐々木 蓮"
"生徒","2","2","3","山口 蓮"
"生徒","1","1","3","松本 蓮"
"生徒","2","3","2","井上 蓮"
"試食会","5","1","3","木村 蓮"
"生徒","6","3","2","林 蓮"
"生徒","4","1","2","清水 蓮"
"ゲスト","3","3","3","斎藤 蓮"
"生徒","4","3","2","佐藤 湊"
"ゲスト","3","1","2","鈴木 湊"
"職員","","","","高橋 湊"
"ゲスト","1","1","4","田中 湊"
"教育実習生","1","2","3","伊藤 湊"
"ALT","4","2","6","Brown Emily"
"生徒","3","2","3","山本 湊"
"職員","","","","中村 湊"
"試食会","1","3","1","小林 湊"
"試食会","2","3","3","加藤 湊"
"職員","","","","吉田 湊"
"生徒","3","3","4","山田 湊"
"生徒","3","3","5","佐々木 湊"
"生徒","6","3","3","山口 湊"
"生徒","3","3","6","松本 湊"
"生徒","4","2","7","井上 湊"
"生徒","4","1","3","木村 湊"
"生徒","5","3","2","林 湊"
"職員","","","","清水 湊"
"生徒","4","2","8","斎藤 湊"
"生徒","4","3","3","佐藤 結菜"
"生徒","1","3","2","鈴木 結菜"
"教育実習生","1","3","3","高橋 結菜"
"生徒","5","1","4","田中 結菜"
"生徒","1","2","4","伊藤 結菜"
"試食会","6","2","1","渡辺 結菜"
"生徒","2","3","4","山本 結菜"
"ALT","4","1","4","Wilson James"
"生徒","2","3","5","小林 結菜"
"生徒","3","1","3","加藤 結菜"
"ゲスト","6","1","4","吉田 結菜"
"ゲスト","2","2","4","山田 結菜"
"生徒","3","3","7","佐々木 結菜"
"職員","","","","山口 結菜"
"教育実習生","1","3","4","松本 結菜"
"生徒","2","3","6","井上 結菜"
"職員","","","","木村 結菜"
"教育実習生","5","2","2","林 結菜"
"ALT","3","3","8","Taylor Emma"
"生徒","5","3","3","斎藤 結菜"
"生徒","1","3","5","佐藤 葵"
"職員","","","","鈴木 葵"
"生徒","4","3","4","高橋 葵"
"教育実習生","6","2","2","田中 葵"
"生徒","1","1","5","伊藤 葵"
"生徒","3","3","9","渡辺 葵"
"職員","","","","山本 葵"
"ALT","4","1","5","Davis Michael"
"生徒","1","3","6","小林 葵"
"試食会","2","3","7","加藤 葵"
"教育実習生","6","3","4","吉田 葵"
"生徒","6","2","3","山田 葵"
"生徒","2","2","5","佐々木 葵"
"生徒","4","2","9","山口 葵"
"生徒","6","2","4","松本 葵"
"職員","","","","井上 葵"
"生徒","1","1","6","木村 葵"
"職員","","","","林 葵"
"生徒","6","1","5","清水 葵"
"生徒","5","1","5","斎藤 葵"
